{
  "model_name": "xgboost_fixed_20251023_125519.pkl",
  "timestamp": "20251023_125519",
  "train_r2": 0.7718032467024302,
  "test_r2": 0.7728250830106098,
  "train_rmse": 12.458376202046242,
  "test_rmse": 12.359068545999998,
  "train_mae": 9.521268796819252,
  "test_mae": 9.451000284401639,
  "gap_ratio": 1.0080352055396913,
  "n_features": 25,
  "n_train": 114976,
  "n_test": 28745
}